task,task_label,method,population_size,k,num_seeds,seeds,accuracy_mean_percent,accuracy_sample_sd_percent,accuracy_seed_42_percent,accuracy_seed_43_percent,accuracy_seed_44_percent
countdown,Countdown,RandOpt,25,10,3,42/43/44,30.0,3.078960863668129,27.400000000000002,33.4,29.2
countdown,Countdown,RandOpt,50,10,3,42/43/44,31.266666666666666,2.3860706890897716,29.599999999999998,34.0,30.2
countdown,Countdown,RandOpt,100,10,3,42/43/44,32.8,1.0392304845413247,33.4,33.4,31.6
countdown,Countdown,RandOpt,200,10,3,42/43/44,33.46666666666667,1.222020185321556,34.8,33.2,32.4
countdown,Countdown,RandOpt,300,10,3,42/43/44,33.333333333333336,1.205542754668337,34.599999999999994,33.2,32.2
countdown,Countdown,Modular Norm RandOpt,25,10,3,42/43/44,32.93333333333334,1.1015141094572214,32.2,34.2,32.4
countdown,Countdown,Modular Norm RandOpt,50,10,3,42/43/44,32.666666666666664,2.023198787399136,31.4,35.0,31.6
countdown,Countdown,Modular Norm RandOpt,100,10,3,42/43/44,34.86666666666667,2.2744962812309297,34.2,37.4,33.0
countdown,Countdown,Modular Norm RandOpt,200,10,3,42/43/44,36.93333333333333,1.8036999011291621,36.8,35.199999999999996,38.800000000000004
countdown,Countdown,Modular Norm RandOpt,300,10,3,42/43/44,35.13333333333333,1.8475208614068,36.199999999999996,33.0,36.199999999999996
countdown,Countdown,RandOpt,25,25,3,42/43/44,32.8,2.6907248094147413,30.599999999999998,35.8,32.0
countdown,Countdown,RandOpt,50,25,3,42/43/44,34.333333333333336,1.5534906930308052,32.6,35.6,34.8
countdown,Countdown,RandOpt,100,25,3,42/43/44,36.666666666666664,1.5534906930308063,36.199999999999996,38.4,35.4
countdown,Countdown,RandOpt,200,25,3,42/43/44,36.666666666666664,1.5011106998930306,36.6,38.2,35.199999999999996
countdown,Countdown,RandOpt,300,25,3,42/43/44,36.86666666666667,1.2701705922171784,37.6,37.6,35.4
countdown,Countdown,Modular Norm RandOpt,25,25,3,42/43/44,29.000000000000004,2.2538855339169284,27.800000000000004,27.6,31.6
countdown,Countdown,Modular Norm RandOpt,50,25,3,42/43/44,35.06666666666667,1.8583146486355147,33.0,36.6,35.6
countdown,Countdown,Modular Norm RandOpt,100,25,3,42/43/44,37.8,3.218695387886216,34.4,40.8,38.2
countdown,Countdown,Modular Norm RandOpt,200,25,3,42/43/44,39.733333333333334,1.1015141094572196,39.2,39.0,41.0
countdown,Countdown,Modular Norm RandOpt,300,25,3,42/43/44,38.733333333333334,1.8583146486355107,37.2,38.2,40.8
gsm8k,GSM8K,RandOpt,25,10,3,42/43/44,66.64139499620924,0.5307050796057625,66.868840030326,66.03487490523123,67.02047005307051
gsm8k,GSM8K,RandOpt,50,10,3,42/43/44,66.79302501895376,1.1372251705837755,67.93025018953753,66.79302501895376,65.65579984836998
gsm8k,GSM8K,RandOpt,100,10,3,42/43/44,67.12155673490017,1.0096024440453981,67.77862016679302,67.62699014404852,65.95905989385898
gsm8k,GSM8K,RandOpt,200,10,3,42/43/44,68.15769522365429,1.3646702047005306,69.52236542835482,68.15769522365429,66.79302501895376
gsm8k,GSM8K,RandOpt,300,10,3,42/43/44,68.35986858731363,1.3904012841525297,68.84003032600455,69.44655041698256,66.79302501895376
gsm8k,GSM8K,Modular Norm RandOpt,25,10,3,42/43/44,70.9628506444276,0.8442402369719547,70.20470053070508,70.81122062168309,71.87263078089462
gsm8k,GSM8K,Modular Norm RandOpt,50,10,3,42/43/44,71.4177407126611,0.26263090334630435,71.2661106899166,71.72100075815011,71.2661106899166
gsm8k,GSM8K,Modular Norm RandOpt,100,10,3,42/43/44,71.16502400808693,0.7891076571137765,71.79681576952237,71.4177407126611,70.28051554207732
gsm8k,GSM8K,Modular Norm RandOpt,200,10,3,42/43/44,72.10007581501138,0.30326004548901153,72.40333586050039,71.79681576952237,72.10007581501138
gsm8k,GSM8K,Modular Norm RandOpt,300,10,3,42/43/44,72.90876926964873,0.21885908612191754,73.1614859742229,72.78241091736164,72.78241091736164
gsm8k,GSM8K,RandOpt,25,25,3,42/43/44,66.43922163254992,0.6879281065866156,67.17210007581501,65.80742987111448,66.33813495072025
gsm8k,GSM8K,RandOpt,50,25,3,42/43/44,67.72807682587819,0.3156430628455072,68.08188021228203,67.62699014404852,67.47536012130402
gsm8k,GSM8K,RandOpt,100,25,3,42/43/44,68.10715188273944,0.6080975191061851,68.68840030326004,67.47536012130402,68.15769522365429
gsm8k,GSM8K,RandOpt,200,25,3,42/43/44,68.38514025777104,0.8743413642661664,69.3707354056103,68.08188021228203,67.70280515542078
gsm8k,GSM8K,RandOpt,300,25,3,42/43/44,68.53677028051554,0.7694383294232129,69.2191053828658,68.68840030326004,67.70280515542078
gsm8k,GSM8K,Modular Norm RandOpt,25,25,3,42/43/44,71.64518574677787,0.15163002274449866,71.79681576952237,71.64518574677786,71.49355572403337
gsm8k,GSM8K,Modular Norm RandOpt,50,25,3,42/43/44,72.55496588324488,0.60176299720953,72.10007581501138,73.23730098559514,72.32752084912812
gsm8k,GSM8K,Modular Norm RandOpt,100,25,3,42/43/44,73.1614859742229,0.6609399459500566,72.40333586050039,73.61637604245641,73.4647460197119
gsm8k,GSM8K,Modular Norm RandOpt,200,25,3,42/43/44,73.38893100833965,0.49715227629280045,72.93404094010614,73.91963608794542,73.3131159969674
gsm8k,GSM8K,Modular Norm RandOpt,300,25,3,42/43/44,73.33838766742481,0.5378770951173358,72.85822592873389,73.91963608794542,73.23730098559514
