task,method,population_size,selected_k,seed,support_bin,support_lower,support_upper,problem_count,validation_samples,problem_rate
gsm8k,RandOpt,300,10,42,0,0,0,183,1319,0.13874147081122062
gsm8k,RandOpt,300,10,42,1,1,1,53,1319,0.0401819560272934
gsm8k,RandOpt,300,10,42,2-4,2,4,212,1319,0.1607278241091736
gsm8k,RandOpt,300,10,42,5-9,5,9,433,1319,0.3282789992418499
gsm8k,RandOpt,300,10,42,10,10,10,438,1319,0.33206974981046244
gsm8k,RandOpt,300,10,43,0,0,0,186,1319,0.14101592115238817
gsm8k,RandOpt,300,10,43,1,1,1,73,1319,0.05534495830174375
gsm8k,RandOpt,300,10,43,2-4,2,4,194,1319,0.1470811220621683
gsm8k,RandOpt,300,10,43,5-9,5,9,441,1319,0.33434420015163
gsm8k,RandOpt,300,10,43,10,10,10,425,1319,0.32221379833206976
gsm8k,RandOpt,300,10,44,0,0,0,181,1319,0.1372251705837756
gsm8k,RandOpt,300,10,44,1,1,1,88,1319,0.0667172100075815
gsm8k,RandOpt,300,10,44,2-4,2,4,201,1319,0.15238817285822592
gsm8k,RandOpt,300,10,44,5-9,5,9,421,1319,0.3191811978771797
gsm8k,RandOpt,300,10,44,10,10,10,428,1319,0.3244882486732373
gsm8k,Modular Norm RandOpt,25,10,42,0,0,0,154,1319,0.11675511751326763
gsm8k,Modular Norm RandOpt,25,10,42,1,1,1,84,1319,0.06368460955269144
gsm8k,Modular Norm RandOpt,25,10,42,2-4,2,4,187,1319,0.1417740712661107
gsm8k,Modular Norm RandOpt,25,10,42,5-9,5,9,545,1319,0.4131918119787718
gsm8k,Modular Norm RandOpt,25,10,42,10,10,10,349,1319,0.26459438968915844
gsm8k,Modular Norm RandOpt,25,10,43,0,0,0,136,1319,0.10310841546626232
gsm8k,Modular Norm RandOpt,25,10,43,1,1,1,86,1319,0.06520090978013647
gsm8k,Modular Norm RandOpt,25,10,43,2-4,2,4,217,1319,0.1645185746777862
gsm8k,Modular Norm RandOpt,25,10,43,5-9,5,9,493,1319,0.3737680060652009
gsm8k,Modular Norm RandOpt,25,10,43,10,10,10,387,1319,0.2934040940106141
gsm8k,Modular Norm RandOpt,25,10,44,0,0,0,152,1319,0.1152388172858226
gsm8k,Modular Norm RandOpt,25,10,44,1,1,1,73,1319,0.05534495830174375
gsm8k,Modular Norm RandOpt,25,10,44,2-4,2,4,188,1319,0.1425322213798332
gsm8k,Modular Norm RandOpt,25,10,44,5-9,5,9,556,1319,0.42153146322971946
gsm8k,Modular Norm RandOpt,25,10,44,10,10,10,350,1319,0.265352539802881
