task,threshold_above_base_percentage_points,required_n_randopt,required_n_modular_norm_randopt,tail_implied_candidate_reduction_ratio,ratio_sample_sd,ratio_from_mean_densities,ratio_seed_42,ratio_seed_43,ratio_seed_44,ratio_min_across_seeds,ratio_max_across_seeds,k,target_hit_probability
gsm8k,0.0,25,24,1.0473837756446451,0.07199216312884556,1.0416666666666667,1.0869565217391304,1.0909090909090908,0.9642857142857143,0.9642857142857143,1.0909090909090908,10,0.9
gsm8k,0.5,29,28,1.0783179012345678,0.07656696882108516,1.0357142857142858,1.037037037037037,1.1666666666666667,1.03125,1.03125,1.1666666666666667,10,0.9
gsm8k,1.0,38,32,1.2082529179303374,0.2082092734761762,1.1875,1.1290322580645162,1.4444444444444444,1.0512820512820513,1.0512820512820513,1.4444444444444444,10,0.9
gsm8k,1.5,47,39,1.217810537810538,0.1937135677865708,1.205128205128205,1.1891891891891893,1.4242424242424243,1.04,1.04,1.4242424242424243,10,0.9
gsm8k,2.0,61,49,1.2495726495726496,0.3691714102333548,1.2448979591836735,1.2,1.641025641025641,0.9076923076923077,0.9076923076923077,1.641025641025641,10,0.9
gsm8k,2.5,77,61,1.2715715490112605,0.31883065747109235,1.2622950819672132,1.2758620689655173,1.588235294117647,0.9506172839506173,0.9506172839506173,1.588235294117647,10,0.9
gsm8k,3.0,111,75,1.499913291217639,0.42512597241022976,1.48,1.434782608695652,1.9538461538461538,1.1111111111111112,1.1111111111111112,1.9538461538461538,10,0.9
gsm8k,3.5,166,103,1.6233596468890585,0.47655193909523513,1.6116504854368932,1.696969696969697,2.0588235294117645,1.1142857142857143,1.1142857142857143,2.0588235294117645,10,0.9
gsm8k,4.0,235,135,1.7619985071705477,0.5727857284085102,1.7407407407407407,2.1526717557251906,2.0288461538461537,1.1044776119402986,1.1044776119402986,2.1526717557251906,10,0.9
gsm8k,4.5,310,201,1.546491702741703,0.35216673917825553,1.5422885572139304,1.6979166666666667,1.7976190476190477,1.143939393939394,1.143939393939394,1.7976190476190477,10,0.9
gsm8k,5.0,424,230,1.8319864670060788,0.4442184622648643,1.8434782608695652,1.7342342342342343,2.3169398907103824,1.4447852760736197,1.4447852760736197,2.3169398907103824,10,0.9
gsm8k,5.5,708,374,1.9342194955691887,0.640080438440876,1.893048128342246,1.861963190184049,2.607361963190184,1.3333333333333333,1.3333333333333333,2.607361963190184,10,0.9
