task,method,population_size,k,seed_42,seed_43,seed_44,accuracy_mean,accuracy_std
countdown,RandOpt,25,25,30.599999999999998,35.8,32.0,32.8,2.6907248094147413
countdown,RandOpt,50,25,32.6,35.6,34.8,34.333333333333336,1.5534906930308052
countdown,RandOpt,100,25,36.199999999999996,38.4,35.4,36.666666666666664,1.5534906930308063
countdown,RandOpt,200,25,36.6,38.2,35.199999999999996,36.666666666666664,1.5011106998930306
countdown,RandOpt,300,25,37.6,37.6,35.4,36.86666666666667,1.2701705922171784
countdown,MN-RandOpt,25,25,27.800000000000004,27.6,31.6,29.0,2.2538855339169284
countdown,MN-RandOpt,50,25,33.0,36.6,35.6,35.06666666666667,1.8583146486355147
countdown,MN-RandOpt,100,25,34.4,40.8,38.2,37.800000000000004,3.218695387886216
countdown,MN-RandOpt,200,25,39.2,39.0,41.0,39.733333333333334,1.1015141094572196
countdown,MN-RandOpt,300,25,37.2,38.2,40.8,38.733333333333334,1.8583146486355107
gsm8k,RandOpt,25,25,67.17210007581501,65.80742987111448,66.33813495072025,66.43922163254992,0.6879281065866156
gsm8k,RandOpt,50,25,68.08188021228203,67.62699014404852,67.47536012130402,67.72807682587819,0.3156430628455072
gsm8k,RandOpt,100,25,68.68840030326004,67.47536012130402,68.15769522365429,68.10715188273944,0.6080975191061851
gsm8k,RandOpt,200,25,69.3707354056103,68.08188021228203,67.70280515542078,68.38514025777103,0.8743413642661664
gsm8k,RandOpt,300,25,69.2191053828658,68.68840030326004,67.70280515542078,68.53677028051554,0.7694383294232129
gsm8k,MN-RandOpt,25,25,71.79681576952237,71.64518574677786,71.49355572403337,71.64518574677787,0.15163002274449866
gsm8k,MN-RandOpt,50,25,72.10007581501138,73.23730098559514,72.32752084912812,72.55496588324489,0.60176299720953
gsm8k,MN-RandOpt,100,25,72.40333586050039,73.61637604245641,73.4647460197119,73.1614859742229,0.6609399459500566
gsm8k,MN-RandOpt,200,25,72.93404094010614,73.91963608794542,73.3131159969674,73.38893100833965,0.49715227629280045
gsm8k,MN-RandOpt,300,25,72.85822592873389,73.91963608794542,73.23730098559514,73.33838766742481,0.5378770951173358
