model,task,metric,population_size,k,mn_randopt_minus_randopt_pt
Qwen2.5-0.5B,Countdown,accuracy,100,25,1.87
Qwen2.5-0.5B,GSM8K,accuracy,100,25,2.5
Qwen2.5-0.5B,MBPP,accuracy,100,25,-2.0
Qwen2.5-0.5B,ROCStories,accuracy,100,25,-0.05
Qwen2.5-0.5B,USPTO-50K,balanced_accuracy,100,25,0.0
Qwen2.5-0.5B,MATH-500,accuracy,100,25,1.0
Qwen2.5-0.5B,OlympiadBench,accuracy,100,25,0.14
Qwen2.5-1.5B,Countdown,accuracy,100,25,2.13
Qwen2.5-1.5B,GSM8K,accuracy,100,25,5.81
Qwen2.5-1.5B,MBPP,accuracy,100,25,0.6
Qwen2.5-1.5B,ROCStories,accuracy,100,25,-0.24
Qwen2.5-1.5B,USPTO-50K,balanced_accuracy,100,25,0.32
Qwen2.5-1.5B,MATH-500,accuracy,100,25,1.33
Qwen2.5-1.5B,OlympiadBench,accuracy,100,25,1.13
Qwen2.5-3B,Countdown,accuracy,100,25,2.6
Qwen2.5-3B,GSM8K,accuracy,100,25,0.08
Qwen2.5-3B,MBPP,accuracy,100,25,0.2
Qwen2.5-3B,ROCStories,accuracy,100,25,-0.24
Qwen2.5-3B,USPTO-50K,balanced_accuracy,100,25,1.0
Qwen2.5-3B,MATH-500,accuracy,100,25,0.67
Qwen2.5-3B,OlympiadBench,accuracy,100,25,-0.21
