task,method,threshold_above_base_percentage_points,candidate_count_per_seed,num_seeds,density_mean,density_mean_percent,density_sample_sd_percent,density_min_percent,density_max_percent,density_seed_42_percent,density_seed_43_percent,density_seed_44_percent,required_n_from_mean_density,required_n_seed_42,required_n_seed_43,required_n_seed_44,required_n_min_across_seeds,required_n_max_across_seeds,k,target_hit_probability
gsm8k,RandOpt,0.0,300,3,0.5133333333333333,51.33333333333333,2.9627314724385285,48.0,53.666666666666664,52.33333333333333,53.666666666666664,48.0,25,25,24,27,24,27,10,0.9
gsm8k,Modular Norm RandOpt,0.0,300,3,0.5311111111111111,53.11111111111111,6.149375156454096,46.33333333333333,58.333333333333336,54.666666666666664,58.333333333333336,46.33333333333333,24,23,22,28,22,28,10,0.9
gsm8k,RandOpt,0.5,300,3,0.4477777777777778,44.77777777777778,4.141032256352047,40.0,47.333333333333336,47.333333333333336,47.0,40.0,29,28,28,33,28,33,10,0.9
gsm8k,Modular Norm RandOpt,0.5,300,3,0.47333333333333333,47.333333333333336,6.027713773341711,41.0,53.0,48.0,53.0,41.0,28,27,24,32,24,32,10,0.9
gsm8k,RandOpt,1.0,300,3,0.3511111111111111,35.11111111111111,2.912298316018037,32.666666666666664,38.333333333333336,38.333333333333336,34.333333333333336,32.666666666666664,38,35,39,41,35,41,10,0.9
gsm8k,Modular Norm RandOpt,1.0,300,3,0.4166666666666667,41.66666666666667,7.094598884597586,34.0,48.0,43.0,48.0,34.0,32,31,27,39,27,39,10,0.9
gsm8k,RandOpt,1.5,300,3,0.28777777777777774,28.777777777777775,2.3412563895228318,26.333333333333332,31.0,31.0,28.999999999999996,26.333333333333332,47,44,47,52,44,52,10,0.9
gsm8k,Modular Norm RandOpt,1.5,300,3,0.3477777777777778,34.77777777777778,6.801415974579064,27.333333333333332,40.666666666666664,36.333333333333336,40.666666666666664,27.333333333333332,39,37,33,50,33,50,10,0.9
gsm8k,RandOpt,2.0,300,3,0.22555555555555556,22.555555555555557,1.071516751221439,21.333333333333336,23.333333333333332,23.0,21.333333333333336,23.333333333333332,61,60,64,59,59,64,10,0.9
gsm8k,Modular Norm RandOpt,2.0,300,3,0.27444444444444444,27.444444444444443,6.677768533918542,21.0,34.333333333333336,27.0,34.333333333333336,21.0,49,50,39,65,39,65,10,0.9
gsm8k,RandOpt,2.5,300,3,0.1788888888888889,17.88888888888889,0.8388704928078607,17.0,18.666666666666668,18.666666666666668,17.0,18.0,77,74,81,77,74,81,10,0.9
gsm8k,Modular Norm RandOpt,2.5,300,3,0.22444444444444445,22.444444444444443,4.947876461824959,17.0,26.666666666666668,23.666666666666668,26.666666666666668,17.0,61,58,51,81,51,81,10,0.9
gsm8k,RandOpt,3.0,300,3,0.12555555555555556,12.555555555555555,1.5030832509409655,11.0,14.000000000000002,14.000000000000002,11.0,12.666666666666668,111,99,127,110,99,127,10,0.9
gsm8k,Modular Norm RandOpt,3.0,300,3,0.18333333333333335,18.333333333333336,3.7859388972001815,14.000000000000002,21.0,20.0,21.0,14.000000000000002,75,69,65,99,65,99,10,0.9
gsm8k,RandOpt,3.5,300,3,0.08444444444444445,8.444444444444445,0.5091750772173154,8.0,9.0,8.333333333333332,8.0,9.0,166,168,175,156,156,175,10,0.9
gsm8k,Modular Norm RandOpt,3.5,300,3,0.13444444444444445,13.444444444444445,3.2030078456443496,10.0,16.333333333333332,14.000000000000002,16.333333333333332,10.0,103,99,85,140,85,140,10,0.9
gsm8k,RandOpt,4.0,300,3,0.060000000000000005,6.000000000000001,0.8819171036881966,5.0,6.666666666666667,5.0,6.666666666666667,6.333333333333334,235,282,211,222,211,282,10,0.9
gsm8k,Modular Norm RandOpt,4.0,300,3,0.10333333333333333,10.333333333333334,3.1797973380564852,7.000000000000001,13.333333333333334,10.666666666666668,13.333333333333334,7.000000000000001,135,131,104,201,104,201,10,0.9
gsm8k,RandOpt,4.5,300,3,0.04555555555555556,4.555555555555555,0.1924500897298753,4.333333333333334,4.666666666666667,4.333333333333334,4.666666666666667,4.666666666666667,310,326,302,302,302,326,10,0.9
gsm8k,Modular Norm RandOpt,4.5,300,3,0.07,7.000000000000001,1.5275252316519463,5.333333333333334,8.333333333333332,7.333333333333333,8.333333333333332,5.333333333333334,201,192,168,264,168,264,10,0.9
gsm8k,RandOpt,5.0,300,3,0.03333333333333333,3.3333333333333335,0.33333333333333337,3.0,3.6666666666666665,3.6666666666666665,3.3333333333333335,3.0,424,385,424,471,385,471,10,0.9
gsm8k,Modular Norm RandOpt,5.0,300,3,0.06111111111111111,6.111111111111111,1.6777409856157217,4.333333333333334,7.666666666666666,6.333333333333334,7.666666666666666,4.333333333333334,230,222,183,326,183,326,10,0.9
gsm8k,RandOpt,5.5,300,3,0.02,2.0,0.33333333333333337,1.6666666666666667,2.3333333333333335,2.3333333333333335,1.6666666666666667,2.0,708,607,850,708,607,850,10,0.9
gsm8k,Modular Norm RandOpt,5.5,300,3,0.03777777777777778,3.7777777777777777,0.9622504486493763,2.666666666666667,4.333333333333334,4.333333333333334,4.333333333333334,2.666666666666667,374,326,326,531,326,531,10,0.9
