task,task_label,method,seed,population_size,k,ensemble_accuracy,ensemble_accuracy_percent,correct,validation_samples,source_sha256
countdown,Countdown,RandOpt,42,25,10,0.274,27.400000000000002,137,500,7e19dbb6f12799ba1f2e83605a68e182f969aa713d9a71ba3cfb7bce997cc983
countdown,Countdown,RandOpt,42,50,10,0.296,29.599999999999998,148,500,7e19dbb6f12799ba1f2e83605a68e182f969aa713d9a71ba3cfb7bce997cc983
countdown,Countdown,RandOpt,42,100,10,0.334,33.4,167,500,7e19dbb6f12799ba1f2e83605a68e182f969aa713d9a71ba3cfb7bce997cc983
countdown,Countdown,RandOpt,42,200,10,0.348,34.8,174,500,7e19dbb6f12799ba1f2e83605a68e182f969aa713d9a71ba3cfb7bce997cc983
countdown,Countdown,RandOpt,42,300,10,0.346,34.599999999999994,173,500,7e19dbb6f12799ba1f2e83605a68e182f969aa713d9a71ba3cfb7bce997cc983
countdown,Countdown,RandOpt,43,25,10,0.334,33.4,167,500,f5304f0fab0feffd92de751919210c1f8556082f7c650049c4b1d488d5eb14fb
countdown,Countdown,RandOpt,43,50,10,0.34,34.0,170,500,f5304f0fab0feffd92de751919210c1f8556082f7c650049c4b1d488d5eb14fb
countdown,Countdown,RandOpt,43,100,10,0.334,33.4,167,500,f5304f0fab0feffd92de751919210c1f8556082f7c650049c4b1d488d5eb14fb
countdown,Countdown,RandOpt,43,200,10,0.332,33.2,166,500,f5304f0fab0feffd92de751919210c1f8556082f7c650049c4b1d488d5eb14fb
countdown,Countdown,RandOpt,43,300,10,0.332,33.2,166,500,f5304f0fab0feffd92de751919210c1f8556082f7c650049c4b1d488d5eb14fb
countdown,Countdown,RandOpt,44,25,10,0.292,29.2,146,500,0661cd17fe4fed1fe947ea5c14189d65bdf3c64b1c2d1f72e658921dbbd2ac65
countdown,Countdown,RandOpt,44,50,10,0.302,30.2,151,500,0661cd17fe4fed1fe947ea5c14189d65bdf3c64b1c2d1f72e658921dbbd2ac65
countdown,Countdown,RandOpt,44,100,10,0.316,31.6,158,500,0661cd17fe4fed1fe947ea5c14189d65bdf3c64b1c2d1f72e658921dbbd2ac65
countdown,Countdown,RandOpt,44,200,10,0.324,32.4,162,500,0661cd17fe4fed1fe947ea5c14189d65bdf3c64b1c2d1f72e658921dbbd2ac65
countdown,Countdown,RandOpt,44,300,10,0.322,32.2,161,500,0661cd17fe4fed1fe947ea5c14189d65bdf3c64b1c2d1f72e658921dbbd2ac65
countdown,Countdown,Modular Norm RandOpt,42,25,10,0.322,32.2,161,500,16be04e41bc5aeb563c9b587193d06e0da16e5752b863346b0772d19f08096a8
countdown,Countdown,Modular Norm RandOpt,42,50,10,0.314,31.4,157,500,16be04e41bc5aeb563c9b587193d06e0da16e5752b863346b0772d19f08096a8
countdown,Countdown,Modular Norm RandOpt,42,100,10,0.342,34.2,171,500,16be04e41bc5aeb563c9b587193d06e0da16e5752b863346b0772d19f08096a8
countdown,Countdown,Modular Norm RandOpt,42,200,10,0.368,36.8,184,500,16be04e41bc5aeb563c9b587193d06e0da16e5752b863346b0772d19f08096a8
countdown,Countdown,Modular Norm RandOpt,42,300,10,0.362,36.199999999999996,181,500,16be04e41bc5aeb563c9b587193d06e0da16e5752b863346b0772d19f08096a8
countdown,Countdown,Modular Norm RandOpt,43,25,10,0.342,34.2,171,500,8f8191919e6f93955797a1f3f76dc3804739065be01fbd46ac28f8543a3b916c
countdown,Countdown,Modular Norm RandOpt,43,50,10,0.35,35.0,175,500,8f8191919e6f93955797a1f3f76dc3804739065be01fbd46ac28f8543a3b916c
countdown,Countdown,Modular Norm RandOpt,43,100,10,0.374,37.4,187,500,8f8191919e6f93955797a1f3f76dc3804739065be01fbd46ac28f8543a3b916c
countdown,Countdown,Modular Norm RandOpt,43,200,10,0.352,35.199999999999996,176,500,8f8191919e6f93955797a1f3f76dc3804739065be01fbd46ac28f8543a3b916c
countdown,Countdown,Modular Norm RandOpt,43,300,10,0.33,33.0,165,500,8f8191919e6f93955797a1f3f76dc3804739065be01fbd46ac28f8543a3b916c
countdown,Countdown,Modular Norm RandOpt,44,25,10,0.324,32.4,162,500,273a86b1f6da358a5ed4bece5a60e3e92cb6516b283d1f507f58fe035a15fa81
countdown,Countdown,Modular Norm RandOpt,44,50,10,0.316,31.6,158,500,273a86b1f6da358a5ed4bece5a60e3e92cb6516b283d1f507f58fe035a15fa81
countdown,Countdown,Modular Norm RandOpt,44,100,10,0.33,33.0,165,500,273a86b1f6da358a5ed4bece5a60e3e92cb6516b283d1f507f58fe035a15fa81
countdown,Countdown,Modular Norm RandOpt,44,200,10,0.388,38.800000000000004,194,500,273a86b1f6da358a5ed4bece5a60e3e92cb6516b283d1f507f58fe035a15fa81
countdown,Countdown,Modular Norm RandOpt,44,300,10,0.362,36.199999999999996,181,500,273a86b1f6da358a5ed4bece5a60e3e92cb6516b283d1f507f58fe035a15fa81
countdown,Countdown,RandOpt,42,25,25,0.306,30.599999999999998,153,500,7e19dbb6f12799ba1f2e83605a68e182f969aa713d9a71ba3cfb7bce997cc983
countdown,Countdown,RandOpt,42,50,25,0.326,32.6,163,500,7e19dbb6f12799ba1f2e83605a68e182f969aa713d9a71ba3cfb7bce997cc983
countdown,Countdown,RandOpt,42,100,25,0.362,36.199999999999996,181,500,7e19dbb6f12799ba1f2e83605a68e182f969aa713d9a71ba3cfb7bce997cc983
countdown,Countdown,RandOpt,42,200,25,0.366,36.6,183,500,7e19dbb6f12799ba1f2e83605a68e182f969aa713d9a71ba3cfb7bce997cc983
countdown,Countdown,RandOpt,42,300,25,0.376,37.6,188,500,7e19dbb6f12799ba1f2e83605a68e182f969aa713d9a71ba3cfb7bce997cc983
countdown,Countdown,RandOpt,43,25,25,0.358,35.8,179,500,f5304f0fab0feffd92de751919210c1f8556082f7c650049c4b1d488d5eb14fb
countdown,Countdown,RandOpt,43,50,25,0.356,35.6,178,500,f5304f0fab0feffd92de751919210c1f8556082f7c650049c4b1d488d5eb14fb
countdown,Countdown,RandOpt,43,100,25,0.384,38.4,192,500,f5304f0fab0feffd92de751919210c1f8556082f7c650049c4b1d488d5eb14fb
countdown,Countdown,RandOpt,43,200,25,0.382,38.2,191,500,f5304f0fab0feffd92de751919210c1f8556082f7c650049c4b1d488d5eb14fb
countdown,Countdown,RandOpt,43,300,25,0.376,37.6,188,500,f5304f0fab0feffd92de751919210c1f8556082f7c650049c4b1d488d5eb14fb
countdown,Countdown,RandOpt,44,25,25,0.32,32.0,160,500,0661cd17fe4fed1fe947ea5c14189d65bdf3c64b1c2d1f72e658921dbbd2ac65
countdown,Countdown,RandOpt,44,50,25,0.348,34.8,174,500,0661cd17fe4fed1fe947ea5c14189d65bdf3c64b1c2d1f72e658921dbbd2ac65
countdown,Countdown,RandOpt,44,100,25,0.354,35.4,177,500,0661cd17fe4fed1fe947ea5c14189d65bdf3c64b1c2d1f72e658921dbbd2ac65
countdown,Countdown,RandOpt,44,200,25,0.352,35.199999999999996,176,500,0661cd17fe4fed1fe947ea5c14189d65bdf3c64b1c2d1f72e658921dbbd2ac65
countdown,Countdown,RandOpt,44,300,25,0.354,35.4,177,500,0661cd17fe4fed1fe947ea5c14189d65bdf3c64b1c2d1f72e658921dbbd2ac65
countdown,Countdown,Modular Norm RandOpt,42,25,25,0.278,27.800000000000004,139,500,16be04e41bc5aeb563c9b587193d06e0da16e5752b863346b0772d19f08096a8
countdown,Countdown,Modular Norm RandOpt,42,50,25,0.33,33.0,165,500,16be04e41bc5aeb563c9b587193d06e0da16e5752b863346b0772d19f08096a8
countdown,Countdown,Modular Norm RandOpt,42,100,25,0.344,34.4,172,500,16be04e41bc5aeb563c9b587193d06e0da16e5752b863346b0772d19f08096a8
countdown,Countdown,Modular Norm RandOpt,42,200,25,0.392,39.2,196,500,16be04e41bc5aeb563c9b587193d06e0da16e5752b863346b0772d19f08096a8
countdown,Countdown,Modular Norm RandOpt,42,300,25,0.372,37.2,186,500,16be04e41bc5aeb563c9b587193d06e0da16e5752b863346b0772d19f08096a8
countdown,Countdown,Modular Norm RandOpt,43,25,25,0.276,27.6,138,500,8f8191919e6f93955797a1f3f76dc3804739065be01fbd46ac28f8543a3b916c
countdown,Countdown,Modular Norm RandOpt,43,50,25,0.366,36.6,183,500,8f8191919e6f93955797a1f3f76dc3804739065be01fbd46ac28f8543a3b916c
countdown,Countdown,Modular Norm RandOpt,43,100,25,0.408,40.8,204,500,8f8191919e6f93955797a1f3f76dc3804739065be01fbd46ac28f8543a3b916c
countdown,Countdown,Modular Norm RandOpt,43,200,25,0.39,39.0,195,500,8f8191919e6f93955797a1f3f76dc3804739065be01fbd46ac28f8543a3b916c
countdown,Countdown,Modular Norm RandOpt,43,300,25,0.382,38.2,191,500,8f8191919e6f93955797a1f3f76dc3804739065be01fbd46ac28f8543a3b916c
countdown,Countdown,Modular Norm RandOpt,44,25,25,0.316,31.6,158,500,273a86b1f6da358a5ed4bece5a60e3e92cb6516b283d1f507f58fe035a15fa81
countdown,Countdown,Modular Norm RandOpt,44,50,25,0.356,35.6,178,500,273a86b1f6da358a5ed4bece5a60e3e92cb6516b283d1f507f58fe035a15fa81
countdown,Countdown,Modular Norm RandOpt,44,100,25,0.382,38.2,191,500,273a86b1f6da358a5ed4bece5a60e3e92cb6516b283d1f507f58fe035a15fa81
countdown,Countdown,Modular Norm RandOpt,44,200,25,0.41,41.0,205,500,273a86b1f6da358a5ed4bece5a60e3e92cb6516b283d1f507f58fe035a15fa81
countdown,Countdown,Modular Norm RandOpt,44,300,25,0.408,40.8,204,500,273a86b1f6da358a5ed4bece5a60e3e92cb6516b283d1f507f58fe035a15fa81
gsm8k,GSM8K,RandOpt,42,25,10,0.66868840030326,66.868840030326,882,1319,079fe9614f172bea6ea64e307849a5002890fc7eca43e47d672ac3ede7d600fa
gsm8k,GSM8K,RandOpt,42,50,10,0.6793025018953753,67.93025018953753,896,1319,079fe9614f172bea6ea64e307849a5002890fc7eca43e47d672ac3ede7d600fa
gsm8k,GSM8K,RandOpt,42,100,10,0.6777862016679302,67.77862016679302,894,1319,079fe9614f172bea6ea64e307849a5002890fc7eca43e47d672ac3ede7d600fa
gsm8k,GSM8K,RandOpt,42,200,10,0.6952236542835482,69.52236542835482,917,1319,079fe9614f172bea6ea64e307849a5002890fc7eca43e47d672ac3ede7d600fa
gsm8k,GSM8K,RandOpt,42,300,10,0.6884003032600455,68.84003032600455,908,1319,079fe9614f172bea6ea64e307849a5002890fc7eca43e47d672ac3ede7d600fa
gsm8k,GSM8K,RandOpt,43,25,10,0.6603487490523123,66.03487490523123,871,1319,981905fb9e272beab8f93117c0fafa9ef9e88cc2d647c017e4f35862b3258c49
gsm8k,GSM8K,RandOpt,43,50,10,0.6679302501895376,66.79302501895376,881,1319,981905fb9e272beab8f93117c0fafa9ef9e88cc2d647c017e4f35862b3258c49
gsm8k,GSM8K,RandOpt,43,100,10,0.6762699014404853,67.62699014404852,892,1319,981905fb9e272beab8f93117c0fafa9ef9e88cc2d647c017e4f35862b3258c49
gsm8k,GSM8K,RandOpt,43,200,10,0.6815769522365428,68.15769522365429,899,1319,981905fb9e272beab8f93117c0fafa9ef9e88cc2d647c017e4f35862b3258c49
gsm8k,GSM8K,RandOpt,43,300,10,0.6944655041698257,69.44655041698256,916,1319,981905fb9e272beab8f93117c0fafa9ef9e88cc2d647c017e4f35862b3258c49
gsm8k,GSM8K,RandOpt,44,25,10,0.6702047005307051,67.02047005307051,884,1319,73ffbcd4ab9052e1488d9a7d1aadec16e842dc0aa408368914440234186018ce
gsm8k,GSM8K,RandOpt,44,50,10,0.6565579984836998,65.65579984836998,866,1319,73ffbcd4ab9052e1488d9a7d1aadec16e842dc0aa408368914440234186018ce
gsm8k,GSM8K,RandOpt,44,100,10,0.6595905989385898,65.95905989385898,870,1319,73ffbcd4ab9052e1488d9a7d1aadec16e842dc0aa408368914440234186018ce
gsm8k,GSM8K,RandOpt,44,200,10,0.6679302501895376,66.79302501895376,881,1319,73ffbcd4ab9052e1488d9a7d1aadec16e842dc0aa408368914440234186018ce
gsm8k,GSM8K,RandOpt,44,300,10,0.6679302501895376,66.79302501895376,881,1319,73ffbcd4ab9052e1488d9a7d1aadec16e842dc0aa408368914440234186018ce
gsm8k,GSM8K,Modular Norm RandOpt,42,25,10,0.7020470053070508,70.20470053070508,926,1319,547c8d489c9d0313888e294ed5c0fc573de1c3f6adeb1fad30b55c0950f64cd1
gsm8k,GSM8K,Modular Norm RandOpt,42,50,10,0.7126611068991661,71.2661106899166,940,1319,547c8d489c9d0313888e294ed5c0fc573de1c3f6adeb1fad30b55c0950f64cd1
gsm8k,GSM8K,Modular Norm RandOpt,42,100,10,0.7179681576952237,71.79681576952237,947,1319,547c8d489c9d0313888e294ed5c0fc573de1c3f6adeb1fad30b55c0950f64cd1
gsm8k,GSM8K,Modular Norm RandOpt,42,200,10,0.7240333586050038,72.40333586050039,955,1319,547c8d489c9d0313888e294ed5c0fc573de1c3f6adeb1fad30b55c0950f64cd1
gsm8k,GSM8K,Modular Norm RandOpt,42,300,10,0.731614859742229,73.1614859742229,965,1319,547c8d489c9d0313888e294ed5c0fc573de1c3f6adeb1fad30b55c0950f64cd1
gsm8k,GSM8K,Modular Norm RandOpt,43,25,10,0.7081122062168309,70.81122062168309,934,1319,dcb248f8cbf6246113fa16ab58b4b8dcef58747bc0b743dfe1f1116d674665a5
gsm8k,GSM8K,Modular Norm RandOpt,43,50,10,0.7172100075815011,71.72100075815011,946,1319,dcb248f8cbf6246113fa16ab58b4b8dcef58747bc0b743dfe1f1116d674665a5
gsm8k,GSM8K,Modular Norm RandOpt,43,100,10,0.714177407126611,71.4177407126611,942,1319,dcb248f8cbf6246113fa16ab58b4b8dcef58747bc0b743dfe1f1116d674665a5
gsm8k,GSM8K,Modular Norm RandOpt,43,200,10,0.7179681576952237,71.79681576952237,947,1319,dcb248f8cbf6246113fa16ab58b4b8dcef58747bc0b743dfe1f1116d674665a5
gsm8k,GSM8K,Modular Norm RandOpt,43,300,10,0.7278241091736164,72.78241091736164,960,1319,dcb248f8cbf6246113fa16ab58b4b8dcef58747bc0b743dfe1f1116d674665a5
gsm8k,GSM8K,Modular Norm RandOpt,44,25,10,0.7187263078089462,71.87263078089462,948,1319,25690262f1eb3d2f5ec50aa0a4067dad8cc16e5e8e3ad015f296105d0cc4d77c
gsm8k,GSM8K,Modular Norm RandOpt,44,50,10,0.7126611068991661,71.2661106899166,940,1319,25690262f1eb3d2f5ec50aa0a4067dad8cc16e5e8e3ad015f296105d0cc4d77c
gsm8k,GSM8K,Modular Norm RandOpt,44,100,10,0.7028051554207733,70.28051554207732,927,1319,25690262f1eb3d2f5ec50aa0a4067dad8cc16e5e8e3ad015f296105d0cc4d77c
gsm8k,GSM8K,Modular Norm RandOpt,44,200,10,0.7210007581501138,72.10007581501138,951,1319,25690262f1eb3d2f5ec50aa0a4067dad8cc16e5e8e3ad015f296105d0cc4d77c
gsm8k,GSM8K,Modular Norm RandOpt,44,300,10,0.7278241091736164,72.78241091736164,960,1319,25690262f1eb3d2f5ec50aa0a4067dad8cc16e5e8e3ad015f296105d0cc4d77c
gsm8k,GSM8K,RandOpt,42,25,25,0.6717210007581501,67.17210007581501,886,1319,079fe9614f172bea6ea64e307849a5002890fc7eca43e47d672ac3ede7d600fa
gsm8k,GSM8K,RandOpt,42,50,25,0.6808188021228203,68.08188021228203,898,1319,079fe9614f172bea6ea64e307849a5002890fc7eca43e47d672ac3ede7d600fa
gsm8k,GSM8K,RandOpt,42,100,25,0.6868840030326004,68.68840030326004,906,1319,079fe9614f172bea6ea64e307849a5002890fc7eca43e47d672ac3ede7d600fa
gsm8k,GSM8K,RandOpt,42,200,25,0.6937073540561031,69.3707354056103,915,1319,079fe9614f172bea6ea64e307849a5002890fc7eca43e47d672ac3ede7d600fa
gsm8k,GSM8K,RandOpt,42,300,25,0.6921910538286581,69.2191053828658,913,1319,079fe9614f172bea6ea64e307849a5002890fc7eca43e47d672ac3ede7d600fa
gsm8k,GSM8K,RandOpt,43,25,25,0.6580742987111448,65.80742987111448,868,1319,981905fb9e272beab8f93117c0fafa9ef9e88cc2d647c017e4f35862b3258c49
gsm8k,GSM8K,RandOpt,43,50,25,0.6762699014404853,67.62699014404852,892,1319,981905fb9e272beab8f93117c0fafa9ef9e88cc2d647c017e4f35862b3258c49
gsm8k,GSM8K,RandOpt,43,100,25,0.6747536012130402,67.47536012130402,890,1319,981905fb9e272beab8f93117c0fafa9ef9e88cc2d647c017e4f35862b3258c49
gsm8k,GSM8K,RandOpt,43,200,25,0.6808188021228203,68.08188021228203,898,1319,981905fb9e272beab8f93117c0fafa9ef9e88cc2d647c017e4f35862b3258c49
gsm8k,GSM8K,RandOpt,43,300,25,0.6868840030326004,68.68840030326004,906,1319,981905fb9e272beab8f93117c0fafa9ef9e88cc2d647c017e4f35862b3258c49
gsm8k,GSM8K,RandOpt,44,25,25,0.6633813495072024,66.33813495072025,875,1319,73ffbcd4ab9052e1488d9a7d1aadec16e842dc0aa408368914440234186018ce
gsm8k,GSM8K,RandOpt,44,50,25,0.6747536012130402,67.47536012130402,890,1319,73ffbcd4ab9052e1488d9a7d1aadec16e842dc0aa408368914440234186018ce
gsm8k,GSM8K,RandOpt,44,100,25,0.6815769522365428,68.15769522365429,899,1319,73ffbcd4ab9052e1488d9a7d1aadec16e842dc0aa408368914440234186018ce
gsm8k,GSM8K,RandOpt,44,200,25,0.6770280515542078,67.70280515542078,893,1319,73ffbcd4ab9052e1488d9a7d1aadec16e842dc0aa408368914440234186018ce
gsm8k,GSM8K,RandOpt,44,300,25,0.6770280515542078,67.70280515542078,893,1319,73ffbcd4ab9052e1488d9a7d1aadec16e842dc0aa408368914440234186018ce
gsm8k,GSM8K,Modular Norm RandOpt,42,25,25,0.7179681576952237,71.79681576952237,947,1319,547c8d489c9d0313888e294ed5c0fc573de1c3f6adeb1fad30b55c0950f64cd1
gsm8k,GSM8K,Modular Norm RandOpt,42,50,25,0.7210007581501138,72.10007581501138,951,1319,547c8d489c9d0313888e294ed5c0fc573de1c3f6adeb1fad30b55c0950f64cd1
gsm8k,GSM8K,Modular Norm RandOpt,42,100,25,0.7240333586050038,72.40333586050039,955,1319,547c8d489c9d0313888e294ed5c0fc573de1c3f6adeb1fad30b55c0950f64cd1
gsm8k,GSM8K,Modular Norm RandOpt,42,200,25,0.7293404094010614,72.93404094010614,962,1319,547c8d489c9d0313888e294ed5c0fc573de1c3f6adeb1fad30b55c0950f64cd1
gsm8k,GSM8K,Modular Norm RandOpt,42,300,25,0.7285822592873389,72.85822592873389,961,1319,547c8d489c9d0313888e294ed5c0fc573de1c3f6adeb1fad30b55c0950f64cd1
gsm8k,GSM8K,Modular Norm RandOpt,43,25,25,0.7164518574677786,71.64518574677786,945,1319,dcb248f8cbf6246113fa16ab58b4b8dcef58747bc0b743dfe1f1116d674665a5
gsm8k,GSM8K,Modular Norm RandOpt,43,50,25,0.7323730098559514,73.23730098559514,966,1319,dcb248f8cbf6246113fa16ab58b4b8dcef58747bc0b743dfe1f1116d674665a5
gsm8k,GSM8K,Modular Norm RandOpt,43,100,25,0.7361637604245641,73.61637604245641,971,1319,dcb248f8cbf6246113fa16ab58b4b8dcef58747bc0b743dfe1f1116d674665a5
gsm8k,GSM8K,Modular Norm RandOpt,43,200,25,0.7391963608794542,73.91963608794542,975,1319,dcb248f8cbf6246113fa16ab58b4b8dcef58747bc0b743dfe1f1116d674665a5
gsm8k,GSM8K,Modular Norm RandOpt,43,300,25,0.7391963608794542,73.91963608794542,975,1319,dcb248f8cbf6246113fa16ab58b4b8dcef58747bc0b743dfe1f1116d674665a5
gsm8k,GSM8K,Modular Norm RandOpt,44,25,25,0.7149355572403336,71.49355572403337,943,1319,25690262f1eb3d2f5ec50aa0a4067dad8cc16e5e8e3ad015f296105d0cc4d77c
gsm8k,GSM8K,Modular Norm RandOpt,44,50,25,0.7232752084912812,72.32752084912812,954,1319,25690262f1eb3d2f5ec50aa0a4067dad8cc16e5e8e3ad015f296105d0cc4d77c
gsm8k,GSM8K,Modular Norm RandOpt,44,100,25,0.734647460197119,73.4647460197119,969,1319,25690262f1eb3d2f5ec50aa0a4067dad8cc16e5e8e3ad015f296105d0cc4d77c
gsm8k,GSM8K,Modular Norm RandOpt,44,200,25,0.733131159969674,73.3131159969674,967,1319,25690262f1eb3d2f5ec50aa0a4067dad8cc16e5e8e3ad015f296105d0cc4d77c
gsm8k,GSM8K,Modular Norm RandOpt,44,300,25,0.7323730098559514,73.23730098559514,966,1319,25690262f1eb3d2f5ec50aa0a4067dad8cc16e5e8e3ad015f296105d0cc4d77c
