method,task,seed,accuracy,test_examples,train_evaluations,development_evaluations,source_sha256
mezo,countdown,42,0.30266666666666664,1500,600000,8000,449598048a50a0a8e84916fb90ce345f549ce380ab652c73eeb9b6d802a8c273
mezo,countdown,43,0.304,1500,600000,8000,5849f703c11c73cf4e31d167e8f34627fdf4a5829cfb762bc8819c1dede3b284
mezo,countdown,44,0.27,1500,600000,8000,8d703826f16e37954c766d6b2a845aef159877a9c842b39401207f1dd9858d31
mezo,gsm8k,42,0.7202426080363912,1319,600000,8000,78891f787dddf3a0c51616d459c4f58328746d5336b1c511f40cce57d07ef265
mezo,gsm8k,43,0.7164518574677786,1319,600000,8000,2c94cc2407233794e7152ab36828cfd052d3ac1d2672b8cf019cb250e31fce48
mezo,gsm8k,44,0.7149355572403336,1319,600000,8000,5afa3aebf05017b44ad9aa1fec2d193b5e24d7e6c8f324342efcac3891587903
zo-finetuner,countdown,42,0.29333333333333333,1500,600000,8000,15d9518982cbcc32f4e2bc47c6ee24f17f8041a1d63722711eed2fea30488be2
zo-finetuner,countdown,43,0.2886666666666667,1500,600000,8000,364b79acce67476ced59f23becf6261a328a363196ec0927290689ada9922614
zo-finetuner,countdown,44,0.30466666666666664,1500,600000,8000,4774004abd1dd8733b83a5271a001415bec22ddb14cec1acfeb98bde8c6c6106
zo-finetuner,gsm8k,42,0.731614859742229,1319,600000,8000,ffbb337b25c0196bb70543d0f4153f7de66308e19eeeb1ecd00f4d8ec4b3e5b4
zo-finetuner,gsm8k,43,0.7240333586050038,1319,600000,8000,2ea9f65eea9a797475809fdcf9b48fd6227bf84499e3f6122fce45c68f699f12
zo-finetuner,gsm8k,44,0.7202426080363912,1319,600000,8000,17503acf31ad9420da6ea90bba9f89d3957fff74039a6e99cc6e7b5fdaf26533
